a_mm,Rout_mm,r_neck_mm,zMin_mm,zMax_mm,r_max_mm,I_A,spacing_mm,n_events,N_out,eta_trans,eps_x,eps_y,epsn_x,epsn_y,beta_x,alpha_x,beta_y,alpha_y,sigma_x_mm,sigma_y_mm,sigma_xp,sigma_yp,sigma_theta_rms,eps_4D,eps_acc_x,eps_acc_y,gamma_rel,beta_rel,epsn_mean,particle_count,emittance,objective,transmission,focusing_strength,compression_ratio
0.0074981604753894,719.0609389379256,390.1428612819832,0.0,1312.037280884873,619.5981825434216,48719.34244034432,1210.358863119579,10000,463,0.0463,209.0393524169922,308.52593994140625,202.52723693847656,298.91455078125,259.48406982421875,-0.5525074005126953,161.7812957763672,-0.2760358452796936,232.8999481201172,223.4138031005859,1.025434494018555,1.432607889175415,1.2457691431045532,64494.0625,2.1667000282832305e-07,3.4752108035718265e-07,1.3923596143722534,0.695831298828125,250.72089385986328,463,250.72089385986328,-50.107138771972664,0.0463,16654.171107938084,1.588131538553502
0.0065579754426081,619.2489889519252,258.4289297070436,0.0,2570.351922786027,509.9085529881075,53960.85385900317,2077.045432985862,10000,160,0.016,114.86955261230467,167.23719787597656,113.97562408447266,165.9357452392578,269.5148620605469,-0.5408743023872375,196.0621795654297,-0.5511410236358643,175.95184326171875,181.0770263671875,0.7422221302986145,1.054551362991333,0.91185861825943,19210.462890625,1.5957206755956577e-07,2.1935409222351154e-07,1.4087215662002563,0.7043392658233643,139.95568466186523,160,139.95568466186523,-27.97833693237305,0.016,31839.621636837677,1.9731094098719617
0.0063539700082076,527.731231534285,239.19657248382904,0.0,1777.354579378964,413.5681866731614,62561.88381286751,2674.6012673886657,10000,93,0.0093,148.2735595703125,82.49736022949219,147.21771240234375,81.90990447998047,289.4620361328125,-0.728255033493042,246.03207397460935,-0.6207700371742249,207.17037963867188,142.467529296875,0.8853850960731506,0.6815610527992249,0.7900734543800354,12232.177734375,1.3947575894235342e-07,1.6409622105584276e-07,1.4091873168945312,0.7045756578445435,114.56380844116212,93,114.56380844116212,-22.905321688232423,0.0093,41163.254539257614,1.7289887659285788
0.0088529791488919,839.6770259681927,352.1570097233795,0.0,1987.5911927287816,568.3831592708489,92727.93952583928,1912.3279348812443,10000,250,0.025,130.93618774414062,110.4142837524414,142.96771240234375,120.5600814819336,237.7154235839844,-0.3424997925758362,327.5855712890625,-0.2428788095712661,176.42434692382812,190.1844482421875,0.7844897508621216,0.597442626953125,0.6972667574882507,14457.2255859375,3.297019475212437e-07,2.392511930793262e-07,1.4806149005889893,0.7374560832977295,131.76389694213867,250,131.76389694213867,-26.332779388427735,0.025,29743.004085151493,1.614004956815472
0.0092720590636899,657.523111804296,372.1461166512687,0.0,1834.822006297558,402.0856391593572,56652.93725648763,1327.7441979339974,10000,362,0.0362,123.55237579345705,121.31134033203124,120.7987823486328,118.60769653320312,326.0567321777344,-0.4306794703006744,329.5601806640625,-0.4985614418983459,200.71144104003903,199.94845581054688,0.6702347993850708,0.6779359579086304,0.674096405506134,14988.3046875,2.636690794588503e-07,2.6086610205311445e-07,1.3985432386398315,0.6990939974784851,119.70323944091795,362,119.70323944091795,-23.911687888183593,0.0362,16418.472523303866,1.080450987309762
0.0073504606856145,663.1534352203563,388.5819407825038,0.0,2406.0379177903556,496.96087960622657,73635.55228551528,2946.385957169826,10000,143,0.0143,77.68588256835938,82.8443832397461,71.11224365234375,75.83423614501953,374.9669799804687,-0.3268256187438965,382.1416320800781,-0.3692806959152221,170.674072265625,177.92776489257812,0.4788638651371002,0.4963395595550537,0.4876799881458282,6435.8388671875,1.4409074822197e-07,1.4138547044240113e-07,1.3557004928588867,0.6752094626426697,73.47323989868164,143,73.47323989868164,-14.683207979736329,0.0143,25780.44303323658,1.2789088412227174
0.0080107160929154,935.7861201766576,210.29575024999787,0.0,1479.1237813339449,483.5939392709834,47387.38465094677,2029.9602445273697,10000,129,0.0129,125.01197052001952,85.36759185791016,125.0742645263672,85.4101333618164,232.06983947753903,-0.4215406477451324,286.0587158203125,-1.0296745300292969,170.32765197753906,156.2694549560547,0.7964951395988464,0.7841095924377441,0.7903265953063965,10671.970703125,2.765183637620794e-07,2.243300798454584e-07,1.414565920829773,0.7072829008102417,105.2421989440918,129,105.2421989440918,-21.03811978881836,0.0129,28129.428171755764,2.299589690690805
0.0099426018164424,833.1337307301023,248.41105430230007,0.0,1475.2750879847993,601.6406642217636,117385.96183342316,1798.7879521665811,10000,163,0.0163,87.87014770507812,112.09610748291016,88.29667663574219,112.64022827148438,311.5881652832031,-0.0996976867318153,321.98699951171875,-0.2951828837394714,165.4669189453125,189.9828643798828,0.5336763262748718,0.6152015328407288,0.5758833885192871,9849.9013671875,3.1726278848509537e-07,3.0701650644004985e-07,1.4176501035690308,0.7088167071342468,100.46845245361328,163,100.46845245361328,-20.080650490722658,0.0163,47527.52486413379,2.421956083683805
0.0066974657160199,955.710992115714,338.1875476204932,0.0,1275.0418882919864,516.0206038901612,70927.96212603102,1315.5996903571192,10000,463,0.0463,132.354736328125,134.7711639404297,132.74856567382812,135.17218017578125,272.0713806152344,-0.6345237493515015,288.850830078125,-0.703506588935852,189.76284790039065,197.30372619628903,0.8260348439216614,0.8351622819900513,0.8306111097335815,17837.6015625,1.6486866627474228e-07,1.5529138863712433e-07,1.4163191318511963,0.7081564664840698,133.9603729248047,463,133.9603729248047,-26.75503458496094,0.0463,31314.780398515297,1.5258415264574683
0.0069674091636018,930.2926400143314,218.62055356117983,0.0,2266.202914546536,669.164727385998,70683.57492584408,1763.4981917640555,10000,95,0.0095,735.6126098632812,417.7406921386719,696.6446533203125,395.6115112304687,67.58197021484375,-0.3347277343273163,93.69718170166016,-0.2088232785463333,222.9667053222656,197.84115600585935,3.479123592376709,2.1570422649383545,2.8945751190185547,307295.3125,7.183097636698221e-07,5.181029791856417e-07,1.3772650957107544,0.6876137852668762,546.1280822753906,95,546.1280822753906,-109.21801645507811,0.0095,46404.08369933184,3.060850027528339
0.0089038227154809,845.9128821003367,379.4220519905154,0.0,2284.0632923085755,666.1259272795352,40096.79579940586,1407.0945567797662,10000,197,0.0197,134.27113342285156,155.43655395507812,131.41363525390625,152.1286163330078,355.4063415527344,-0.7822461724281311,332.8717041015625,-0.6199607253074646,218.4509429931641,227.46522521972656,0.7803672552108765,0.804009735584259,0.7922766804695129,20870.642578125,2.23063139515034e-07,2.3816400585019437e-07,1.399246096611023,0.6994612216949463,141.77112579345703,197,141.77112579345703,-28.33846515869141,0.0197,11868.90342853238,1.7556331367270837
0.008985965620472,760.3290246102404,329.92657980944296,0.0,2136.6172066709432,654.7670231482534,41240.9721393711,1798.6600258129238,10000,164,0.0164,159.9908905029297,131.5124053955078,157.50869750976562,129.4720458984375,296.4087829589844,-0.4158459007740021,308.2702941894531,-0.6145637631416321,217.76754760742188,201.348876953125,0.7956787347793579,0.7666427493095398,0.7812955975532532,21040.787109375,2.724196690451209e-07,2.619376004986407e-07,1.4032859802246094,0.7015572190284729,143.49037170410156,164,143.49037170410156,-28.684954340820312,0.0164,13910.631189258696,1.9845840354130604
0.0085818891836286,967.7500039018112,235.4221358814098,0.0,2829.728780440897,682.1375753058743,74419.04403065333,1129.367571404848,10000,77,0.0077,227.98045349121097,514.4656372070312,227.60470581054688,513.6177368164062,243.18031311035156,-0.0047539956867694,88.6325454711914,-0.2464594691991806,235.457763671875,213.53781127929688,0.9682544469833374,2.481341600418091,1.883424162864685,117288.109375,3.028568471563631e-07,8.309455665767018e-07,1.4130486249923706,0.7065233588218689,370.61122131347656,77,370.61122131347656,-74.11608426269532,0.0077,36834.424518982865,2.8975082260297325
0.0097132742503509,974.533983962477,285.6368296634629,0.0,2706.01891093472,689.9964457131009,65333.86704835028,1831.685684343658,10000,60,0.006,142.07400512695312,99.45323944091795,142.45394897460938,99.71920013427734,320.8974914550781,-0.3582248389720917,434.5359497070313,-0.4749818742275238,213.52093505859375,207.8845977783203,0.7067914605140686,0.5296297669410706,0.6245245337486267,14129.7197265625,2.940119543382025e-07,2.1712288855724185e-07,1.4161057472229004,0.7080503702163696,121.08657455444336,60,121.08657455444336,-24.212514910888675,0.006,23548.243028023047,2.415642431426137
0.0081254185262725,808.263933605863,308.1270243220213,0.0,2951.70415892507,591.2289704494619,91956.04179614344,1713.6172985883672,10000,222,0.0222,195.7576141357422,109.70155334472656,193.1545562744141,108.24281311035156,182.7418975830078,-0.4433157742023468,257.63153076171875,-0.643418550491333,189.13783264160156,168.11477661132812,1.1321444511413574,0.7759427428245544,0.9705251455307008,21474.9140625,3.612878458625346e-07,2.5626687261137704e-07,1.4048423767089844,0.7023582458496094,150.6986846923828,222,150.6986846923828,-30.121976938476564,0.0222,36728.630843213454,1.918783241263424
0.0086407895068709,816.527841687038,255.98677938918857,0.0,2108.708105022801,686.4595841989583,103406.48954812226,1897.2401186128009,10000,71,0.0071,109.5201416015625,146.25282287597656,106.31995391845705,141.9792938232422,290.18536376953125,-0.2271797358989715,210.80567932128903,-0.6310846209526062,178.2726593017578,175.58737182617188,0.6299945116043091,0.984931707382202,0.8267356157302856,16017.6298828125,2.572949995283125e-07,3.541804005635641e-07,1.3937050104141235,0.696546196937561,124.1496238708496,71,124.1496238708496,-24.824244774169923,0.0071,46749.48519432468,2.681621237772213
0.0077354065969518,744.5655556073507,279.7009468794747,0.0,1090.608019544089,584.7550294156649,74953.51375517655,2289.133839857049,10000,157,0.0157,135.74136352539062,158.33074951171875,139.88682556152344,163.16607666015625,241.48287963867188,-0.3501155078411102,204.04295349121097,-0.6285555362701416,181.05030822753903,179.7394561767578,0.7943680286407471,1.040451169013977,0.925623893737793,21492.03125,2.477877956152952e-07,2.932545157818822e-07,1.4359705448150637,0.7176605463027954,151.52645111083984,157,151.52645111083984,-30.292730222167968,0.0157,34642.953740594916,2.090643724805266
0.0097658592351061,933.7454493692446,277.22052756015484,0.0,1391.5822695785928,688.3571691471743,38323.356105019855,1291.4782026171106,10000,295,0.0295,166.55018615722656,120.9656753540039,163.76942443847656,118.94600677490234,280.418212890625,-0.4682139754295349,316.7531433105469,-0.518878698348999,216.1103973388672,195.74539184570312,0.8509641289710999,0.6962122321128845,0.7774481773376465,20146.85546875,3.4010631111414114e-07,3.010925411217613e-07,1.4024572372436523,0.7011292576789856,141.35771560668945,295,141.35771560668945,-28.247943121337897,0.0295,14155.580665997,2.4830670917679636
0.0075050383421236,690.8829748150636,216.70014333973376,0.0,1848.4440184939529,633.144074778231,138762.52621136833,1311.2752163816876,10000,108,0.0108,102.4150619506836,178.72364807128906,100.91064453125,176.09829711914062,329.8279724121094,-0.4460886716842651,257.04913330078125,-0.4220596849918365,183.7915954589844,214.33795166015625,0.6101644039154053,0.905066192150116,0.7718307375907898,18303.994140625,1.70772665342156e-07,2.191238763771253e-07,1.4038649797439575,0.7018556594848633,138.5044708251953,108,138.5044708251953,-27.692254165039063,0.0108,85321.81468812028,2.9217519888097776
0.0063109385478599,788.7131998138216,394.8789615332333,0.0,2072.192732688241,695.8632233438809,67143.31395435933,2646.2105374432026,10000,190,0.019,148.46005249023438,100.9719009399414,146.82481384277344,99.85972595214844,242.67678833007812,-0.4332013428211212,323.385986328125,-0.4057855010032654,189.80992126464844,180.7011260986328,0.8523880839347839,0.6030309200286865,0.738312840461731,14990.2939453125,1.6411928527304553e-07,1.231591539863075e-07,1.4064465761184692,0.7031801342964172,123.34226989746094,190,123.34226989746094,-24.653253979492188,0.019,26942.93016742454,1.7622190370486897
0.0087389246902155,875.7760700462183,232.52338786897823,0.0,2899.599826583848,673.2781553481527,117086.3410066032,2265.4888722780006,10000,45,0.0045,112.56988525390624,135.1262664794922,122.98645782470705,147.6300811767578,257.9427795410156,-0.0441944673657417,278.2008361816406,-0.4211821556091308,170.40126037597656,193.88719177246097,0.6612613797187805,0.756226122379303,0.7103325128555298,15211.1484375,2.960688050279714e-07,2.745096310263762e-07,1.4810912609100342,0.737654983997345,135.30826950073242,45,135.30826950073242,-27.058053900146486,0.0045,57621.10674061531,2.895528753122804
0.0099865473482956,961.3360109176996,311.0863411205255,0.0,2699.294781354823,630.6962245541531,59681.77220918372,1956.0338570891777,10000,97,0.0097,185.91111755371097,221.3865509033203,190.44940185546875,226.79083251953125,223.50338745117188,-0.479853868484497,155.58509826660156,-0.3109017610549927,203.84249877929688,185.5921630859375,1.0116004943847656,1.2491873502731323,1.1366188526153564,41158.22265625,4.4621751271733956e-07,6.410069772755378e-07,1.4315788745880127,0.7155812978744507,208.6201171875,97,208.6201171875,-41.7162634375,0.0097,19210.797863150852,2.027399281763386
0.0099201303011419,743.380598021708,298.5236187985739,0.0,1480.2912375563862,498.6254830862525,39103.59937303967,1344.8714716302336,10000,310,0.031,126.86239624023438,215.37698364257812,133.08099365234375,225.9344482421875,313.23828125,-0.7759313583374023,188.642578125,-0.6126440763473511,199.3443298339844,201.56703186035156,0.8055077195167542,1.2530940771102903,1.0533488988876345,27323.240234375,3.141665274597472e-07,5.216689942244557e-07,1.4492894411087036,0.7238157391548157,179.50772094726562,310,179.50772094726562,-35.87674418945313,0.031,13204.460461350403,1.6703049664646317
0.0087615793145174,739.5302726436354,207.86242796821975,0.0,1163.5180638977438,639.8231196727128,134829.43489281327,2849.657561010445,10000,102,0.0102,129.2996063232422,166.88986206054688,124.97215270996094,161.3043212890625,222.471435546875,-0.8482365012168884,195.4090118408203,-1.0127787590026855,169.60385131835938,180.5873260498047,0.9996850490570068,1.3153231143951416,1.1682133674621582,21578.79296875,3.450567760410195e-07,3.928441003608896e-07,1.390749216079712,0.6949718594551086,143.13823699951172,102,143.13823699951172,-28.619487399902344,0.0102,74033.1659077206,3.078108564047639
0.0062443118394194,823.7817832685608,255.3755296294407,0.0,1369.042038712755,641.8603839379184,55121.918800405234,1803.8969953036255,10000,186,0.0186,140.40235900878906,113.69381713867188,144.3785400390625,116.9136199951172,279.4483642578125,-0.3840340375900268,345.1717529296875,-0.4129851460456848,198.07879638671875,198.10072326660156,0.7592930197715759,0.6209362745285034,0.6935732364654541,15962.8798828125,1.395300017748014e-07,1.1296240387537185e-07,1.4343786239624023,0.7169097065925598,130.64608001708984,186,130.64608001708984,-26.114336003417968,0.0186,34566.90238174073,2.5133981508301964
0.0088533983435382,672.479439685721,379.04136753743984,0.0,1214.3440226795522,553.5032326346999,83689.48401881456,2111.972806264544,10000,235,0.0235,108.44056701660156,110.59109497070312,116.02397918701172,118.32489776611328,318.5391540527344,-0.3553884029388428,324.48077392578125,-0.4179959297180176,185.85630798339844,189.4325256347656,0.6192153096199036,0.6327511072158813,0.6260197758674622,11992.5615234375,2.460691632677481e-07,2.415633559849084e-07,1.464497685432434,0.7305791974067688,117.1744384765625,235,117.1744384765625,-23.416087695312505,0.0235,24938.726649353644,1.4602713055588254
0.0063209349826465,987.6650318360244,304.90227791405096,0.0,1224.0778043361047,523.1190480968985,77742.67188548899,2941.9938232232007,10000,129,0.0129,107.22317504882812,101.96780395507812,104.77540588378906,99.64000701904295,256.9153747558594,-0.4889638125896454,273.38995361328125,-0.5991673469543457,165.97373962402344,166.9639892578125,0.7191175818443298,0.7119511961936951,0.7155433297157288,10933.3115234375,1.5551509591205106e-07,1.4614370513754693e-07,1.3981643915176392,0.6988958120346069,102.20770645141602,129,102.20770645141602,-20.431221290283204,0.0129,40338.2887449754,1.7156941288722047
0.0092394977834185,832.1595019227806,250.9281309527528,0.0,2191.277481215689,604.4508166671787,86589.142626019,1882.4977368798104,10000,88,0.0088,192.97474670410156,155.2789764404297,193.0441436767578,155.33482360839844,267.6717529296875,-0.4658446609973907,268.2781982421875,-0.3222816586494446,227.27491760253903,204.1028289794922,0.9366908073425292,0.7993218898773193,0.8707196116447449,29964.921875,3.1892912488729053e-07,3.182081798058789e-07,1.4144679307937622,0.7072339057922363,174.18948364257812,88,174.18948364257812,-34.83085672851562,0.0088,37347.859991464895,2.408860315390428
0.0073954730661719,975.5188374665588,385.9058288495652,0.0,1248.5944469710894,649.1858223363188,117704.09702443732,2882.846867959972,10000,190,0.019,89.4091796875,106.82063293457033,90.8800277709961,108.57791137695312,298.54644775390625,-0.279729276895523,304.9791259765625,-0.3182861506938934,163.37928771972656,180.4939422607422,0.568256676197052,0.6210785508155823,0.5952538251876831,9550.7451171875,1.831976987887174e-07,1.7933365370481624e-07,1.4258934259414673,0.7128518223762512,99.7289695739746,190,99.7289695739746,-19.93059391479492,0.019,41242.433411052654,1.6822389655829375
0.0068065092801909,870.2023041619675,232.7311885731409,0.0,2330.3944413924,449.2797393792979,92767.85097229433,1781.7779198346548,10000,154,0.0154,137.27622985839844,148.19573974609375,123.96366119384766,133.82423400878906,197.5733642578125,-0.4553972780704498,240.177490234375,-0.7593110799789429,164.68797302246094,188.6618194580078,0.9159180521965028,0.9862931370735168,0.9517562985420228,20343.751953125,2.3448791353075649e-07,1.92893054418164e-07,1.3473868370056152,0.6702035665512085,128.89394760131836,154,128.89394760131836,-25.766469520263673,0.0154,58562.34618178138,1.9304663983104344
0.0084969519836559,739.3956371499925,223.3796081416728,0.0,1669.8112293141724,681.9496370840426,46712.64871960647,2608.6478596135626,10000,127,0.0127,117.71634674072266,107.18936157226562,123.85187530517578,112.77620697021484,269.4881591796875,-0.8298046588897705,314.4197692871094,-0.6938291192054749,178.10997009277344,183.582275390625,0.8588331937789917,0.7106518745422363,0.7882323265075684,12617.9404296875,2.679085753243271e-07,2.29623580594307e-07,1.451536774635315,0.7248326539993286,118.31404113769533,127,118.31404113769533,-23.652648227539064,0.0127,24610.91750718994,3.0528732804094343
0.008480291023714,852.0180478571715,306.6922183952643,0.0,1303.3497594655023,668.1677749152873,67406.64813546579,1572.129365647485,10000,307,0.0307,120.86701202392578,128.37742614746094,113.89434814453124,120.97149658203124,297.9169006347656,-0.5656858086585999,306.3424987792969,-0.6205620169639587,189.7585906982422,198.3115234375,0.7318016290664673,0.7618699073791504,0.7469871044158936,15516.595703125,2.413939341749938e-07,2.3475466548461554e-07,1.374027132987976,0.6858025193214417,117.43292236328124,307,117.43292236328124,-23.46202447265625,0.0307,25917.26793673979,2.1786264366647674
0.0088890102735722,785.76391112697,344.00730730921487,0.0,2085.4488866951924,592.3442898655892,60215.88706883433,1756.8223876574468,10000,251,0.0251,128.94915771484375,113.78766632080078,134.83895874023438,118.9849624633789,295.4738464355469,-0.4541517198085785,313.0611572265625,-0.6556600332260132,195.19503784179688,188.73924255371097,0.7255528569221497,0.7209154367446899,0.7232378721237183,14672.8232421875,2.6741625447357364e-07,2.52393192567979e-07,1.4468715190887451,0.7227147817611694,126.91196060180664,251,126.91196060180664,-25.36231212036133,0.0251,19692.0084091767,1.7218944984013198
0.0069726887639978,881.1539051968941,344.45338637113184,0.0,1794.3670592369097,656.7089404318857,110170.21638847754,1489.47016129006,10000,216,0.0216,235.24072265625,205.5773162841797,262.4856262207031,229.3866729736328,170.5095672607422,-0.2444409132003784,218.03704833984375,-0.4937482476234436,200.27679443359375,211.71554565429688,1.209160327911377,1.0829178094863892,1.1477760076522827,48360.15625,2.851358260613779e-07,2.2298225132999505e-07,1.498348355293274,0.7446980476379395,245.93614959716797,216,245.93614959716797,-49.1699499194336,0.0216,45870.49887694184,1.9065248489800408
0.0083321662438787,872.2104932169086,284.28491011849957,0.0,1683.634703395752,667.8015133230924,61130.8120117551,1821.4155755178072,10000,196,0.0196,101.75988006591795,111.80023193359376,102.98902893066406,113.15065002441406,341.54132080078125,-0.555016040802002,320.5679016113281,-0.3260352909564972,186.4274749755859,189.3134002685547,0.6242774724960327,0.6211515665054321,0.62271648645401,11376.7783203125,2.032696784226573e-07,2.165687646993321e-07,1.4227802753448486,0.7113388776779175,108.06983947753906,196,108.06983947753906,-21.598287895507813,0.0196,25807.64822188965,2.3490571942236755
0.0074981604753894,759.195090518222,390.1428612819832,0.0,1312.037280884873,592.7975767245621,48719.34244034432,1210.358863119579,10000,440,0.044,228.48648071289065,223.9131774902344,238.9899139404297,234.2063751220703,187.8706512451172,-0.3591958582401275,226.0295257568359,-0.5357682108879089,207.1856689453125,224.96885681152344,1.1717958450317385,1.129157543182373,1.1506742238998413,51161.1328125,2.992612735397415e-07,2.487392407601874e-07,1.4470840692520142,0.7228118777275085,236.59814453125,440,236.59814453125,-47.28442890625,0.044,16654.171107938084,1.5194371999443206
0.0067272998688284,714.8538589793427,236.68090197068676,0.0,1863.8900372842315,421.6968971838151,64947.49682376503,2262.520499972521,10000,197,0.0197,113.54371643066406,109.11710357666016,111.52416229248048,107.17628479003906,255.08642578125,-0.6789068579673767,296.0066833496094,-0.6981000900268555,170.18655395507812,179.72030639648438,0.8063995242118835,0.7404595613479614,0.7741319537162781,12389.5615234375,1.7741658098202606e-07,1.528903368352985e-07,1.4016929864883425,0.7007336616516113,109.35022354125977,197,109.35022354125977,-21.854284708251953,0.0197,40790.44234112102,1.781710707000951
0.0061375540844608,797.5133706123892,381.8640804157564,0.0,1623.422152178822,403.5119926400068,92408.1625413373,2138.7495307522313,10000,299,0.0299,154.68455505371094,126.22945404052734,157.1172637939453,128.21466064453125,251.6171875,-0.3543468117713928,282.81103515625,-0.4811134040355682,197.28480529785156,188.94200134277344,0.831836462020874,0.7413855791091919,0.7879100441932678,19525.74609375,1.49709862284908e-07,1.33196962792681e-07,1.425377607345581,0.7126020193099976,142.66596221923828,299,142.66596221923828,-28.509272443847657,0.0299,39428.13125768135,1.0566900982168344
0.0097187906093702,922.8763541126308,361.62407591288337,0.0,2607.344153798229,553.3615026041693,52388.407066324304,2795.862097130958,10000,148,0.0148,109.0785903930664,141.22372436523438,109.33551788330078,141.55636596679688,290.4497375488281,-0.3690064251422882,253.40023803710935,-0.4836188554763794,177.99395751953125,189.17221069335935,0.6532134413719177,0.8292549252510071,0.7464420795440674,15404.484375,3.252021940625127e-07,3.727498096850468e-07,1.4158802032470703,0.7079380750656128,125.44594192504884,148,125.44594192504884,-25.077348385009767,0.0148,14906.154940244582,1.5302120059547035
0.0098497891797684,580.5269858900618,250.35645916507283,0.0,1569.6809887549352,498.89940235695417,34426.43368254394,2258.172234561804,10000,137,0.0137,123.8357925415039,144.97032165527344,114.07478332519533,133.54344177246094,335.19488525390625,-0.709459662437439,320.0631103515625,-0.8761361837387085,203.7378845214844,215.40579223632812,0.7452499866485596,0.8947784304618835,0.8234153985977173,17952.515625,2.894386170737562e-07,3.031225332961185e-07,1.3596206903457642,0.6775255799293518,123.80911254882812,137,123.80911254882812,-24.750862509765625,0.0137,13960.671227996148,1.9927562644908805
0.0099426018164424,856.9717691972305,248.41105430230007,0.0,1475.2750879847993,568.8542189623514,117385.96183342316,1798.7879521665811,10000,109,0.0109,167.10443115234375,174.81564331054688,167.16493225097656,174.87893676757812,225.33981323242188,-0.8350886702537537,195.1022491455078,-0.6430759429931641,194.0496826171875,184.68060302734375,1.121924638748169,1.1254185438156128,1.1236729621887207,29212.46875,4.3869448518307763e-07,5.066847279522335e-07,1.414469599723816,0.7072347402572632,171.02193450927734,109,171.02193450927734,-34.195666901855475,0.0109,47527.52486413379,2.2899714368994744
0.0096987744731142,795.9904276205074,375.4678706761962,0.0,2634.4444004024317,403.17665108606224,96624.09739193547,2106.3360988764125,10000,185,0.0185,178.99513244628906,108.8909683227539,191.95700073242188,116.7762680053711,191.48895263671875,-0.0213139094412326,320.4757385253906,0.0642910078167915,185.1366729736328,186.80715942382812,0.967046558856964,0.5841091871261597,0.7988625168800354,19490.953125,4.912358235742431e-07,2.935205998255697e-07,1.4663127660751345,0.7313682436943054,154.36663436889648,185,154.36663436889648,-30.858526873779297,0.0185,26533.57750297512,1.0737980066309378
0.0069674091636018,940.2508342979984,218.62055356117983,0.0,2266.202914546536,658.8863031813307,70683.57492584408,1763.4981917640555,10000,91,0.0091,174.88067626953125,111.03275299072266,175.39877319335938,111.3616943359375,195.70211791992188,-0.2533657550811767,223.1599273681641,-0.501297652721405,184.9987030029297,157.4104766845703,0.97517728805542,0.7890382409095764,0.8870039582252502,19417.482421875,2.4805447651488066e-07,2.175336248910753e-07,1.4163099527359009,0.7081519365310669,143.38023376464844,91,143.38023376464844,-28.668766752929688,0.0091,46404.08369933184,3.0138351241387045
0.0089038227154809,867.9253275145743,379.4220519905154,0.0,2284.0632923085755,654.834569706047,40096.79579940586,1407.0945567797662,10000,183,0.0183,180.4881134033203,227.47637939453125,193.86146545410156,244.33135986328125,295.9900207519531,-0.5688448548316956,212.9972991943359,-0.4775145351886749,231.1334686279297,220.11782836914065,0.8983831405639648,1.1452065706253052,1.029220700263977,41056.78125,2.678403063782753e-07,3.722021801877418e-07,1.46754252910614,0.7319007515907288,219.0964126586914,183,219.0964126586914,-43.80464253173828,0.0183,11868.90342853238,1.7258737763676852
0.008985965620472,794.567735380206,329.92657980944296,0.0,2136.6172066709432,639.6893641976711,41240.9721393711,1798.6600258129238,10000,169,0.0169,149.6522216796875,166.54884338378906,147.31369018554688,163.94627380371094,346.84130859375,-0.6705609560012817,286.1438293457031,-0.6264281868934631,227.82794189453125,218.30465698242188,0.7908753752708435,0.9002487659454346,0.8473286628723145,24924.404296875,2.3280841787709505e-07,2.8219230330250866e-07,1.403207540512085,0.7015167474746704,155.6299819946289,169,155.6299819946289,-31.112476398925786,0.0169,13910.631189258696,1.9388839922116583
0.0085818891836286,972.3571462015524,235.4221358814098,0.0,2829.728780440897,676.1834337411657,74419.04403065333,1129.367571404848,10000,46,0.0046,290.2591857910156,310.7147216796875,297.7616882324219,318.7459411621094,140.6331329345703,-0.4297402501106262,182.33497619628903,-0.3076666295528412,202.0397491455078,238.02134704589844,1.563684344291687,1.36579430103302,1.468077540397644,90187.8046875,5.236946662989794e-07,4.039204384298501e-07,1.4326071739196775,0.7160704135894775,308.2538146972656,46,308.2538146972656,-61.64708293945313,0.0046,36834.424518982865,2.8722168848293115
0.0097132742503509,978.1719862535516,285.6368296634629,0.0,2706.01891093472,686.6619276174679,65333.86704835028,1831.685684343658,10000,77,0.0077,132.75550842285156,138.11534118652344,145.69561767578125,151.57789611816406,249.05084228515625,-0.4728436172008514,345.1430969238281,-0.4861027300357818,181.8319854736328,218.3335876464844,0.8076043128967285,0.7033678889274597,0.7572816610336304,18335.572265625,3.7882907122366305e-07,2.733582107339317e-07,1.4847382307052612,0.7391695380210876,148.63675689697266,77,148.63675689697266,-29.721191379394533,0.0077,23548.243028023047,2.4039684533205765
0.0081254185262725,835.6548002335969,308.1270243220213,0.0,2951.70415892507,554.9719605992826,91956.04179614344,1713.6172985883672,10000,203,0.0203,154.28207397460938,163.65733337402344,159.3813934326172,169.0665283203125,234.52244567871097,-0.6594094634056091,196.2222137451172,-0.6125367283821106,190.21726989746097,179.20156860351562,0.9715481996536256,1.070968747138977,1.0224676132202148,25249.392578125,2.81518566680461e-07,3.364676217643137e-07,1.4377747774124146,0.7185074687004089,164.22396087646484,203,164.22396087646484,-32.82855217529297,0.0203,36728.630843213454,1.8011142054819749
0.0086407895068709,842.7381500174611,255.98677938918857,0.0,2108.708105022801,681.9461122652776,103406.48954812226,1897.2401186128009,10000,72,0.0072,275.9571228027344,139.06118774414062,301.3796691894531,151.8721923828125,180.4022979736328,-0.0015991076361387,335.89276123046875,-0.255620002746582,223.12171936035156,216.1241455078125,1.236802339553833,0.6641208529472351,0.99265718460083,38374.92578125,4.138708220580156e-07,2.222829778020241e-07,1.480789303779602,0.737528920173645,226.6259307861328,72,226.6259307861328,-45.319426157226566,0.0072,46749.48519432468,2.663989577479247
0.0077354065969518,781.0561905205863,279.7009468794747,0.0,1090.608019544089,546.3400392208866,74953.51375517655,2289.133839857049,10000,129,0.0129,108.15670776367188,100.79451751708984,104.11946868896484,97.03208923339844,304.569091796875,-0.7579207420349121,288.1229553222656,-0.7545261979103088,181.49708557128903,170.41482543945312,0.7477344870567322,0.7409414052963257,0.7443457245826721,10901.603515625,1.9646286375518685e-07,2.0767701869317537e-07,1.3880698680877686,0.6935330033302307,100.57577896118164,129,100.57577896118164,-20.10483579223633,0.0129,34642.953740594916,1.9533006424047208
0.0082937515524931,575.9264630188387,326.36744243395987,0.0,1657.3290907398318,479.3782087913279,110702.21472924462,2529.511605931592,10000,163,0.0163,103.18470001220705,91.21161651611328,98.24838256835938,86.84808349609375,377.7534484863281,-0.2493693530559539,331.0513610839844,-0.4025154411792755,197.42941284179688,173.76918029785156,0.5386461615562439,0.5658273696899414,0.55240398645401,9411.6435546875,1.820931458951236e-07,2.077813974210585e-07,1.3808002471923828,0.6895713806152344,92.54823303222656,163,92.54823303222656,-18.49660660644531,0.0163,40897.659976668336,1.4688297497331697
0.0075050383421236,735.042549841483,216.70014333973376,0.0,1848.4440184939529,610.8587663709748,138762.52621136833,1311.2752163816876,10000,112,0.0112,112.7524871826172,119.53880310058594,103.05982971191406,109.26276397705078,273.1856384277344,-0.6497377753257751,274.0231018066406,-0.3860402107238769,175.50601196289062,180.98727416992188,0.7661401629447937,0.7079880833625793,0.7376374006271362,13478.2978515625,2.0618067253508346e-07,2.0555056323701137e-07,1.3547921180725098,0.6746687889099121,106.16129684448242,112,106.16129684448242,-21.223299368896487,0.0112,85321.81468812028,2.81891260871616
0.0062951862589415,713.8587065020893,310.77085688026415,0.0,2258.797276270525,687.7210142476396,113489.84267815406,1963.628023058769,10000,122,0.0122,139.81056213378906,86.09195709228516,146.6482391357422,90.30242919921876,294.7334899902344,-0.6967096328735352,328.7214660644531,-0.3674061894416809,202.9947204589844,168.2268524169922,0.8394166231155396,0.5452086925506592,0.7077686190605164,12036.564453125,1.3445831825720236e-07,1.2055606646299566e-07,1.4492084980010986,0.723779022693634,118.47533416748048,122,118.47533416748048,-23.685306833496096,0.0122,58010.70245490093,2.2129520803574234
0.0063109385478599,818.897028411847,394.8789615332333,0.0,2072.192732688241,694.4842977918412,67143.31395435933,2646.2105374432026,10000,163,0.0163,127.80821990966795,133.8772430419922,131.6500244140625,137.90147399902344,244.2467803955078,-0.2730107307434082,281.28741455078125,-0.537783145904541,176.6826171875,194.05665588378903,0.749851405620575,0.783321738243103,0.7667692303657532,17110.611328125,1.6306435668411728e-07,1.4159164152260928e-07,1.4356259107589722,0.717498242855072,134.77574920654297,163,134.77574920654297,-26.942109841308596,0.0163,26942.93016742454,1.758727016236323
0.0087389246902155,893.5223457539014,232.52338786897823,0.0,2899.599826583848,664.370873797537,117086.3410066032,2265.4888722780006,10000,51,0.0051,194.33262634277344,187.20919799804688,180.59996032714844,173.97991943359375,277.5489501953125,0.0124894781038165,290.40283203125,-0.0041998936794698,232.24301147460935,233.1653594970703,0.836829423904419,0.8029102087020874,0.8200452327728271,36380.85546875,2.751543775048049e-07,2.629754192184919e-07,1.36516010761261,0.6807510852813721,177.2899398803711,51,177.2899398803711,-35.45390797607422,0.0051,57621.10674061531,2.857221718152047
0.0099865473482956,966.8594379294568,311.0863411205255,0.0,2699.294781354823,607.5949660722042,59681.77220918372,1956.0338570891777,10000,126,0.0126,127.275146484375,144.5990447998047,131.573974609375,149.48300170898438,235.4724884033203,-0.232078805565834,178.0955047607422,-0.3306578695774078,173.11785888671875,160.4756622314453,0.7547329068183899,0.949046552181244,0.8574121594429016,18403.865234375,4.235362212057226e-07,5.599868018180132e-07,1.4382950067520142,0.7187508940696716,140.5284881591797,126,140.5284881591797,-28.09561763183594,0.0126,19210.797863150852,1.9531393242263928
0.0082437518861415,480.4091370703844,375.330720531669,0.0,1057.5653526266778,461.3931464849588,120616.47068083427,2278.588147571583,10000,94,0.0094,85.72563171386719,79.561279296875,82.40257263183594,76.4771728515625,644.8662109375,-0.1682859063148498,690.3026733398438,0.0100430818274617,235.1203155517578,234.3530731201172,0.369729995727539,0.3395103514194488,0.3549419343471527,6820.44091796875,1.0538533956605536e-07,9.844876558418036e-08,1.3870742321014404,0.6929954290390015,79.43987274169922,94,79.43987274169922,-15.880454548339843,0.0094,38982.31188177193,1.2292975800951742
0.0078958465610514,515.3734112852025,333.51154770420544,0.0,1081.7372325329577,368.92794848065193,50272.207568659745,1629.3216441607217,10000,275,0.0275,161.75743103027344,159.98684692382812,151.46774291992188,149.80979919433594,219.93362426757812,-0.3957758843898773,279.6665954589844,-0.4233096837997436,188.61573791503903,211.52536010742188,0.92232745885849,0.8213229775428772,0.8732867240905762,25879.060546875,2.8346912017696013e-07,2.229239868256629e-07,1.3699718713760376,0.6835090517997742,150.6387710571289,275,150.6387710571289,-30.105754211425783,0.0275,19090.54736040699,1.1061924272794823
0.0087615793145174,776.7402336945447,207.86242796821975,0.0,1163.5180638977438,619.7641595636171,134829.43489281327,2849.657561010445,10000,84,0.0084,159.78695678710938,176.53173828125,164.6940460205078,181.95306396484375,217.18792724609375,-0.8394014239311218,277.4100341796875,-0.4673422574996948,186.28955078125,221.2954559326172,1.1198590993881226,0.8805354237556458,1.0073299407958984,28207.46875,3.534509289693233e-07,2.767213231891219e-07,1.4360932111740112,0.7177181839942932,173.32355499267578,84,173.32355499267578,-34.657990998535155,0.0084,74033.1659077206,2.9816074295946033
0.007938091940764,677.5208296798887,323.6509543060592,0.0,2494.941876267513,447.565455827909,34401.984346871744,1579.6301942536395,10000,150,0.015,75.8176040649414,176.2732696533203,74.47173309326172,173.14418029785156,475.6665954589844,-0.5446747541427612,216.5944061279297,-0.0468629971146583,189.9049835205078,195.3965301513672,0.4546199738979339,0.903121054172516,0.7149499654769897,13364.6171875,1.3247368713109609e-07,2.909276872742339e-07,1.4017176628112793,0.7007464170455933,123.80795669555664,150,123.80795669555664,-24.74959133911133,0.015,13390.305245705717,1.382864625835988
0.0088533983435382,719.2680911591893,379.04136753743984,0.0,1214.3440226795522,504.67097684626646,83689.48401881456,2111.972806264544,10000,251,0.0251,95.1156005859375,112.97970581054688,100.7971649169922,119.72835540771484,340.04852294921875,-0.3298916518688202,238.3586578369141,-0.3429238498210907,179.8441619873047,164.10269165039062,0.5569133162498474,0.7278255820274353,0.6480287313461304,10746.1328125,2.3050434094784578e-07,3.288433845227701e-07,1.4570636749267578,0.7273074388504028,110.26276016235352,251,110.26276016235352,-22.032472032470704,0.0251,24938.726649353644,1.3314403652694122
0.0066114365567373,511.94021443078344,249.19154567690163,0.0,1570.1903373876942,364.27254930382225,50804.83143537058,2803.854306790208,10000,106,0.0106,94.2213134765625,90.01709747314453,86.06095886230469,82.22086334228516,275.2047119140625,-0.6268911957740784,365.7170715332031,-0.6239566206932068,161.02841186523438,181.4408721923828,0.6905912160873413,0.584778368473053,0.6398757696151733,8481.529296875,1.5883119885984345e-07,1.1952161571571196e-07,1.3543574810028076,0.6744095087051392,84.14091110229492,106,84.14091110229492,-16.819702220458986,0.0106,30837.266642056955,1.4618174477561654
0.0081303577302063,480.64880616338456,210.36470736448535,0.0,1126.7499409455354,434.6417112775682,148795.22788679344,1712.4723054519736,10000,209,0.0209,156.61007690429688,145.5121612548828,162.89849853515625,151.35496520996094,284.9925231933594,-0.5199609398841858,304.3668212890625,-0.4892752170562744,211.2645263671875,210.44969177246097,0.8355191349983215,0.7697594165802002,0.8033124208450317,22788.669921875,2.3194543530280498e-07,2.1718108200730057e-07,1.4428856372833252,0.7208841443061829,157.1267318725586,209,157.1267318725586,-31.40862637451172,0.0209,86997.43889528737,2.0661341758458205
0.0092394977834185,856.136715933812,250.9281309527528,0.0,2191.277481215689,572.6010888895717,86589.142626019,1882.4977368798104,10000,88,0.0088,85.60823059082031,226.63221740722656,91.8427505493164,243.136962890625,343.1358947753906,-0.340801864862442,169.3498992919922,-0.392672598361969,171.39212036132812,195.90850830078125,0.5276976227760315,1.2428174018859863,0.9547407627105712,19401.583984375,2.487886376911775e-07,5.040942596679088e-07,1.46661376953125,0.7314987778663635,167.4898567199707,88,167.4898567199707,-33.49093134399414,0.0088,37347.859991464895,2.281932626347847
0.0073954730661719,979.0161463999076,385.9058288495652,0.0,1248.5944469710894,632.2477631150916,117704.09702443732,2882.846867959972,10000,104,0.0104,145.88067626953125,137.7311553955078,152.40731811523438,143.8931884765625,308.5040588378906,-0.3062733709812164,387.6059265136719,-0.623355507850647,212.143310546875,231.0528259277344,0.7191808223724365,0.7024332880973816,0.7108563780784607,20092.314453125,1.77284604774286e-07,1.4110470658579288e-07,1.4461952447891235,0.7224056124687195,148.15025329589844,104,148.15025329589844,-29.621730659179686,0.0104,41242.433411052654,1.6383472750331431
0.0067249322646626,744.6838679079472,213.2992534733555,0.0,2683.6575535165443,596.4482597160236,46772.685195154736,2611.007892533791,10000,64,0.0064,143.4984588623047,116.97032928466795,130.9126434326172,106.71121215820312,186.5766143798828,-0.4837309718132019,239.4884033203125,-0.997952401638031,163.62596130371094,167.37095642089844,0.9742082953453064,0.9873383045196532,0.9807952642440796,16785.0625,2.4239218987531785e-07,1.888388538873187e-07,1.3536168336868286,0.6739669442176819,118.81192779541016,64,118.81192779541016,-23.757265559082033,0.0064,32607.316085373932,2.796297924176887
0.0095088021632524,663.4809451421311,278.4890214845271,0.0,1753.888858849815,626.6397757886308,85521.57428035277,1672.61796091187,10000,157,0.0157,249.39114379882812,170.156494140625,270.94732666015625,184.8639984130859,190.1070556640625,-0.3969365954399109,312.7202453613281,-0.5981592535972595,217.74070739746097,230.67591857910156,1.2322900295257568,0.8595343828201294,1.062388300895691,42435.5234375,4.756126656957349e-07,2.891316626119078e-07,1.4765979051589966,0.7357691526412964,227.9056625366211,157,227.9056625366211,-45.56857250732422,0.0157,32295.483873712103,2.2501417558517547
0.0074981604753894,759.195090518222,390.1428612819832,0.0,1312.037280884873,592.7975767245621,48719.34244034432,1210.358863119579,10000,476,0.0476,136.63868713378906,150.87646484375,137.91305541992188,152.28363037109375,352.0155334472656,-0.7375462651252747,299.34869384765625,-0.7219427227973938,219.3147125244141,212.5198211669922,0.7741515636444092,0.8756194114685059,0.8264442086219788,20615.5625,1.5971571087902708e-07,1.8781580024551658e-07,1.4208236932754517,0.710381269454956,145.0983428955078,476,145.0983428955078,-58.010777158203126,0.0476,16654.171107938084,1.5194371999443206
0.0097187906093702,922.8763541126308,361.62407591288337,0.0,2607.344153798229,553.3615026041693,52388.407066324304,2795.862097130958,10000,141,0.0141,108.32462310791016,90.02452087402344,109.49217987060548,90.99483489990234,328.11590576171875,-0.5212057828903198,305.5082702636719,-0.4386757016181946,188.52859497070312,165.8409881591797,0.6479398608207703,0.5927704572677612,0.6209681630134583,9751.8720703125,2.878705060993525e-07,3.091729183779535e-07,1.4218554496765137,0.7108868360519409,100.2435073852539,141,100.2435073852539,-40.08894295410157,0.0141,14906.154940244582,1.5302120059547035
0.0098497891797684,580.5269858900618,250.35645916507283,0.0,1569.6809887549352,498.89940235695417,34426.43368254394,2258.172234561804,10000,113,0.0113,119.42071533203124,117.7981948852539,116.02696990966795,114.45055389404295,287.2455749511719,-0.9998314380645752,304.4510803222656,-0.743046224117279,185.21087646484375,189.3773651123047,0.9117832183837892,0.7749485373497009,0.8461364507675171,14067.544921875,3.377540167548432e-07,3.1866645144873473e-07,1.394263505935669,0.6968421339988708,115.23876190185548,113,115.23876190185548,-46.08872476074219,0.0113,13960.671227996148,1.9927562644908805
0.0099426018164424,856.9717691972305,248.41105430230007,0.0,1475.2750879847993,568.8542189623514,117385.96183342316,1798.7879521665811,10000,161,0.0161,217.96343994140625,290.64105224609375,204.9746856689453,273.32135009765625,157.1381072998047,-0.4435538053512573,126.8153305053711,-0.1847223341464996,185.06854248046875,191.98370361328125,1.288400650024414,1.5394960641860962,1.419511318206787,63349.125,6.290983947110362e-07,7.795219403305964e-07,1.3727229833602903,0.6850680112838745,239.1480178833008,161,239.1480178833008,-95.64954715332031,0.0161,47527.52486413379,2.2899714368994744
0.0089038227154809,867.9253275145743,379.4220519905154,0.0,2284.0632923085755,654.834569706047,40096.79579940586,1407.0945567797662,10000,183,0.0183,164.77865600585938,165.24134826660156,166.55447387695312,167.02215576171875,307.8056335449219,-0.5247687697410583,349.0262145996094,-0.4991507232189178,225.2105712890625,240.15321350097656,0.8262897729873657,0.7690204381942749,0.7981688976287842,27228.248046875,2.575588382569549e-07,2.2714068848017645e-07,1.4218544960021973,0.7108863592147827,166.78831481933594,183,166.78831481933594,-66.70434592773438,0.0183,11868.90342853238,1.7258737763676852
0.008985965620472,794.567735380206,329.92657980944296,0.0,2136.6172066709432,639.6893641976711,41240.9721393711,1798.6600258129238,10000,159,0.0159,150.36097717285156,130.44155883789062,136.361572265625,118.2967529296875,284.7290344238281,-0.5766772031784058,268.63494873046875,-0.4399701654911041,206.9109344482422,187.19284057617188,0.8388696908950806,0.7612921595573425,0.801020622253418,19613.3203125,2.835944599155482e-07,3.005847872827872e-07,1.3499844074249268,0.671781599521637,127.32916259765624,159,127.32916259765624,-50.9221250390625,0.0159,13910.631189258696,1.9388839922116583
0.0080105483724207,517.1457926788268,315.38077692527185,0.0,2444.9042305230105,497.0070775275456,63692.683492902695,1146.2003362197622,10000,165,0.0165,97.34139251708984,113.4264144897461,99.60121154785156,116.05965423583984,429.3899841308594,-0.1469016075134277,321.02984619140625,-0.2583804428577423,204.4441680908203,190.82260131835935,0.4812370240688324,0.6139285564422607,0.5515874028205872,11041.0849609375,1.4944195925181702e-07,1.998844680883849e-07,1.4307235479354858,0.7151734232902527,107.8304328918457,165,107.8304328918457,-43.12227315673828,0.0165,25211.116595648153,1.5758952792652587
0.0085818891836286,972.3571462015524,235.4221358814098,0.0,2829.728780440897,676.1834337411657,74419.04403065333,1129.367571404848,10000,66,0.0066,277.8020324707031,303.6685791015625,299.44134521484375,327.32275390625,247.15708923339844,0.0848032310605049,205.5700531005859,0.0557452328503131,262.0319519042969,249.85028076171875,1.0639890432357788,1.2172892093658447,1.1432117223739624,84359.75,2.97983859809392e-07,3.582663055112789e-07,1.4703254699707031,0.7330994009971619,313.3820495605469,66,313.3820495605469,-125.34885982421876,0.0066,36834.424518982865,2.8722168848293115
0.0097132742503509,978.1719862535516,285.6368296634629,0.0,2706.01891093472,686.6619276174679,65333.86704835028,1831.685684343658,10000,65,0.0065,95.13728332519533,194.8137359619141,97.19828033447266,199.03407287597656,261.48931884765625,-0.4618635177612304,257.4609375,-0.1314368098974228,157.7256622314453,223.9574279785156,0.6644092798233032,0.8773511648178101,0.7781981825828552,18534.048828125,3.6080899690205115e-07,3.664544010462123e-07,1.4296139478683472,0.7146428823471069,148.1161766052246,65,148.1161766052246,-59.242570642089845,0.0065,23548.243028023047,2.4039684533205765
0.0095600213672702,456.3891639045214,267.59903137030716,0.0,2156.560281992348,450.2331810559776,34313.07285560905,1984.6362344516745,10000,66,0.0066,63.82076644897461,76.2303237915039,53.430545806884766,63.81978988647461,452.3587646484375,-0.5797452330589294,379.4774475097656,-0.3575676679611206,169.91139221191406,170.0814208984375,0.4341699182987213,0.4759895801544189,0.4555598497390747,4865.07763671875,2.0203877681979066e-07,2.4084172878247045e-07,1.3041850328445437,0.6419310569763184,58.62516784667969,66,58.62516784667969,-23.446107138671877,0.0066,13412.700045108366,1.6824918190116271
0.0086407895068709,842.7381500174611,255.98677938918857,0.0,2108.708105022801,681.9461122652776,103406.48954812226,1897.2401186128009,10000,119,0.0119,193.6939697265625,185.3063812255859,207.48304748535156,198.4983367919922,237.4721221923828,-0.1510957926511764,223.6951446533203,-0.2285638004541397,214.4689178466797,203.5979766845703,0.9133841395378112,0.9336296319961548,0.9235623478889464,35892.73046875,3.144084530504188e-07,3.337723057939002e-07,1.4654173851013184,0.7309794425964355,202.99069213867188,119,202.99069213867188,-81.18913685546875,0.0119,46749.48519432468,2.663989577479247
0.0077354065969518,781.0561905205863,279.7009468794747,0.0,1090.608019544089,546.3400392208866,74953.51375517655,2289.133839857049,10000,157,0.0157,157.61724853515625,99.64742279052734,147.29881286621094,93.12398529052734,218.66734313964844,-0.6559941172599792,236.325927734375,-0.8368768692016602,185.64952087402344,153.4577178955078,1.0153779983520508,0.8467363119125366,0.9348676204681396,15706.15234375,2.736417457072094e-07,2.5319485530417296e-07,1.3687057495117188,0.6827872395515442,120.21139907836914,157,120.21139907836914,-48.07513963134766,0.0157,34642.953740594916,1.9533006424047208
0.0097658592351061,943.2103851736382,277.22052756015484,0.0,1391.5822695785928,684.4762255295657,38323.356105019855,1291.4782026171106,10000,278,0.0278,103.9509735107422,105.98407745361328,89.89498138427734,91.65316772460938,336.5454406738281,-0.3356775045394897,362.8121643066406,-0.4924943447113037,187.04071044921875,196.0926055908203,0.58624267578125,0.6024714112281799,0.5944124460220337,11017.1484375,2.83385247712431e-07,2.628688093864185e-07,1.3220622539520264,0.6541162729263306,90.77407455444336,278,90.77407455444336,-36.29294982177734,0.0278,14155.580665997,2.4690676103739806
0.0090181714963387,703.1514234687143,220.62477376718653,0.0,2652.914932215483,661.0211626718267,68405.95212367341,2801.4941341427807,10000,51,0.0051,178.91552734375,222.918212890625,202.68405151367188,252.53240966796875,262.3985595703125,-0.1933525055646896,196.8961639404297,-0.3244805335998535,216.6729736328125,209.50355529785156,0.8410335779190063,1.1186437606811523,0.9896214604377748,39883.53125,3.099384855431709e-07,4.130472461838508e-07,1.5110738277435305,0.7496971487998962,227.6082305908203,51,227.6082305908203,-91.04023223632812,0.0051,34381.20744749552,2.9961329880812335
0.0074981604753894,759.195090518222,390.1428612819832,0.0,1312.037280884873,592.7975767245621,48719.34244034432,1210.358863119579,10000,445,0.0445,146.68368530273438,140.7158966064453,157.06629943847656,150.67608642578125,351.0445861816406,-0.719835638999939,310.72186279296875,-0.5322428941726685,226.91961669921875,209.1016540527344,0.7964692711830139,0.7623366713523865,0.7795897722244263,20640.7265625,1.601574695087038e-07,1.809412850661829e-07,1.4651193618774414,0.7308498620986938,153.8711929321289,445,153.8711929321289,-72.68201261291503,0.0445,16654.171107938084,1.5194371999443206
0.0074981604753894,759.195090518222,390.1428612819832,0.0,1312.037280884873,592.7975767245621,48719.34244034432,1210.358863119579,10000,514,0.0514,136.55801391601562,151.5995330810547,134.84033203125,149.69264221191406,374.2166748046875,-0.7833539247512817,319.5530700683594,-0.6465197801589966,226.0581512451172,220.10020446777344,0.7673628926277161,0.8201885223388672,0.7942150235176086,20702.130859375,1.502402682262982e-07,1.7594076950899765e-07,1.405347466468811,0.7026174068450928,142.26648712158203,514,142.26648712158203,-73.33672393371582,0.0514,16654.171107938084,1.5194371999443206
0.0067272998688284,714.8538589793427,236.68090197068676,0.0,1863.8900372842315,421.6968971838151,64947.49682376503,2262.520499972521,10000,185,0.0185,122.5960922241211,153.24266052246094,116.53035736083984,145.66061401367188,229.4107666015625,-0.54148268699646,293.5555114746094,-0.6318374276161194,167.70469665527344,212.0972137451172,0.8313135504722595,0.8546484112739563,0.8430617451667786,18786.951171875,1.9727305300420994e-07,1.5416695475778397e-07,1.3796714544296265,0.6889485120773315,131.09548568725586,185,131.09548568725586,-58.873843708801274,0.0185,40790.44234112102,1.781710707000951
0.0061016765069763,781.8462467582682,221.57828539866088,0.0,1628.711962152653,312.5716742746937,91028.48293976432,2824.3763004595767,10000,168,0.0168,112.80587005615234,129.00146484375,118.51152801513672,135.5262908935547,246.1385803222656,-0.6792975664138794,228.26934814453125,-0.7501126527786255,166.63096618652344,171.6015167236328,0.8184031248092651,0.9397385120391846,0.8811618089675903,14552.1220703125,1.5125810648441984e-07,1.630988037959469e-07,1.4504196643829346,0.7243279218673706,127.0189094543457,168,127.0189094543457,-54.62167105316162,0.0168,67328.80845029574,1.410660226530405
0.0098497891797684,580.5269858900618,250.35645916507283,0.0,1569.6809887549352,498.89940235695417,34426.43368254394,2258.172234561804,10000,135,0.0135,165.21612548828125,122.45061492919922,162.2360076904297,120.24188232421876,279.4381103515625,-0.6974316835403442,313.2598876953125,-0.9146178960800172,214.86666870117188,195.8542022705078,0.93746018409729,0.8472793102264404,0.8935081958770752,20230.81640625,3.471908200936014e-07,3.097055980560981e-07,1.401517033576965,0.7006424069404602,141.23894500732422,135,141.23894500732422,-65.62874160461425,0.0135,13960.671227996148,1.9927562644908805
0.0099426018164424,856.9717691972305,248.41105430230007,0.0,1475.2750879847993,568.8542189623514,117385.96183342316,1798.7879521665811,10000,176,0.0176,137.44830322265625,153.87957763671875,137.25283813476562,153.66075134277344,221.936767578125,-0.2671870291233063,214.5327911376953,-0.463536262512207,174.6563262939453,181.6926422119141,0.8145703673362732,0.933485984802246,0.87604820728302,21150.486328125,4.4542116484080907e-07,4.6079358639872225e-07,1.4132083654403689,0.706603467464447,145.45679473876953,176,145.45679473876953,-54.54141611450195,0.0176,47527.52486413379,2.2899714368994744
0.0069674091636018,940.2508342979984,218.62055356117983,0.0,2266.202914546536,658.8863031813307,70683.57492584408,1763.4981917640555,10000,79,0.0079,154.95352172851562,153.15672302246094,147.535888671875,145.82508850097656,262.45220947265625,-0.1263930797576904,292.17816162109375,-0.3529246747493744,201.6628265380859,211.5397186279297,0.7744923830032349,0.7677762508392334,0.7711416482925415,23732.173828125,1.8496621123631485e-07,1.6614789899449536e-07,1.380779266357422,0.689559817314148,146.68048858642578,79,146.68048858642578,-63.59382111999511,0.0079,46404.08369933184,3.0138351241387045
0.008985965620472,794.567735380206,329.92657980944296,0.0,2136.6172066709432,639.6893641976711,41240.9721393711,1798.6600258129238,10000,159,0.0159,150.73765563964844,122.02530670166016,138.31996154785156,111.97293090820312,306.90118408203125,-0.6317225098609924,294.0873107910156,-0.5419740080833435,215.08502197265625,189.43624877929688,0.828956663608551,0.7326720356941223,0.7822970747947693,18393.80859375,2.631061306601623e-07,2.745700840023346e-07,1.3572131395339966,0.6761064529418945,125.14644622802734,159,125.14644622802734,-63.834974049682614,0.0159,13910.631189258696,1.9388839922116583
0.0085818891836286,972.3571462015524,235.4221358814098,0.0,2829.728780440897,676.1834337411657,74419.04403065333,1129.367571404848,10000,82,0.0082,147.7965850830078,192.73866271972656,154.64395141601562,201.6681671142578,302.22967529296875,-0.1685566753149032,239.84078979492188,-0.3166300058364868,211.34925842285156,215.0037078857422,0.7091646790504456,0.9403066039085388,0.8327938318252563,28486.115234375,2.436849513287598e-07,3.070737761845521e-07,1.447344422340393,0.7229306697845459,178.15605926513672,82,178.15605926513672,-67.3729537713623,0.0082,36834.424518982865,2.8722168848293115
0.0097132742503509,978.1719862535516,285.6368296634629,0.0,2706.01891093472,686.6619276174679,65333.86704835028,1831.685684343658,10000,78,0.0078,117.22779083251952,139.03663635253906,117.21002197265624,139.01556396484375,340.0043029785156,-0.1756306439638137,281.1868896484375,-0.2785173654556274,199.64456176757812,197.72525024414065,0.5961698889732361,0.729945182800293,0.6664227247238159,16298.9580078125,2.774897325252823e-07,3.355337696575589e-07,1.414106369018555,0.7070531845092773,128.11279296875,78,128.11279296875,-65.80079839233397,0.0078,23548.243028023047,2.4039684533205765
0.0097658592351061,943.2103851736382,277.22052756015484,0.0,1391.5822695785928,684.4762255295657,38323.356105019855,1291.4782026171106,10000,295,0.0295,290.00518798828125,363.5164489746094,262.1720275878906,328.6280517578125,116.45156860351562,-0.1607934385538101,118.34194946289062,-0.2720365226268768,183.77040100097656,207.4108123779297,1.598354458808899,1.8163334131240845,1.710819125175476,105421.65625,8.189842901629163e-07,8.059019478423579e-07,1.3480584621429443,0.6706128120422363,295.40003967285156,295,295.40003967285156,-61.89886980590819,0.0295,14155.580665997,2.4690676103739806
0.0074981604753894,759.195090518222,390.1428612819832,0.0,1312.037280884873,592.7975767245621,48719.34244034432,1210.358863119579,50000,2126,0.04252,144.87350463867188,150.97140502929688,149.69961547851562,156.0006561279297,338.2742004394531,-0.6403089761734009,328.78814697265625,-0.6834232807159424,221.37518310546875,222.7949981689453,0.7770856618881226,0.8207564949989319,0.7992193698883057,21871.755859375,1.662036765992525e-07,1.70998902149222e-07,1.4379620552062988,0.7185951471328735,152.85013580322266,2126,152.85013580322266,-126.41222395751952,0.04252,16654.171107938084,1.5194371999443206
0.0098497891797684,580.5269858900618,250.35645916507283,0.0,1569.6809887549352,498.89940235695417,34426.43368254394,2258.172234561804,50000,513,0.01026,145.2271728515625,122.02007293701172,142.71524047851562,119.90953826904295,318.6305847167969,-0.6188254356384277,339.28399658203125,-0.5639705061912537,215.1135101318359,203.46856689453125,0.7939308285713196,0.6884969472885132,0.7430861592292786,17720.630859375,3.0448535426330636e-07,2.859502501451061e-07,1.4020363092422483,0.7009115219116211,131.3123893737793,513,131.3123893737793,-114.98952828430176,0.01026,13960.671227996148,1.9927562644908805
0.0074981604753894,759.195090518222,390.1428612819832,0.0,1312.037280884873,592.7975767245621,48719.34244034432,1210.358863119579,50000,1985,0.0397,165.48114013671875,157.46237182617188,167.89306640625,159.75743103027344,312.0542907714844,-0.5336689949035645,314.4142150878906,-0.5728927850723267,227.2423858642578,222.50485229492188,0.8254245519638062,0.8155865669250488,0.820520281791687,26057.052734375,1.801686835278815e-07,1.788163785931829e-07,1.424557089805603,0.7122039794921875,163.82524871826172,1985,163.82524871826172,-128.858062298584,0.0397,16654.171107938084,1.5194371999443206
0.0074981604753894,759.195090518222,390.1428612819832,0.0,1312.037280884873,592.7975767245621,48719.34244034432,1210.358863119579,50000,2240,0.0448,154.15179443359375,157.5055389404297,160.05381774902344,163.5359649658203,313.6890869140625,-0.6448732018470764,311.52996826171875,-0.6312760710716248,219.8993682861328,221.5122985839844,0.8341323137283325,0.8408735990524292,0.8375097513198853,24279.76171875,1.7922972972428397e-07,1.804719289566492e-07,1.4415408372879028,0.7202619314193726,161.79489135742188,2240,161.79489135742188,-127.74407481689454,0.0448,16654.171107938084,1.5194371999443206
0.008903822715480958,867.9253275145743,379.4220519905154,0.0,2284.0632923085755,654.834569706047,40096.79579940586,1407.0945567797662,50000,903,0.01806,168.8617401123047,185.2037811279297,177.07147216796875,194.20803833007812,313.68499755859375,-0.4355308413505554,303.9575500488281,-0.4526011645793915,230.1508026123047,237.26376342773438,0.8002674579620361,0.8568100333213806,0.8290209174156189,31273.83203125,2.527314109102008e-07,2.608194904496486e-07,1.4489996433258057,0.7236841917037964,185.63975524902344,903,185.63975524902344,-139.12500869506835,0.01806,11868.90342853238,1.7258737763676852
